{
	"format_version": "1.8.0",
	"animations": {
		"animation.pumpkinwarden.walking_start": {
			"animation_length": 0.48,
			"bones": {
				"RightLeg": {
					"rotation": {
						"0.0": [0, 0, 0],
						"0.48": [-5, 0, 0]
					}
				},
				"LeftLeg": {
					"rotation": {
						"0.0": [0, 0, 0],
						"0.48": [5, 0, 0]
					}
				},
				"RightArm": {
					"rotation": {
						"0.0": [0, 0, 0],
						"0.48": [60, 0, 0]
					}
				},
				"LeftArm": {
					"rotation": {
						"0.0": [0, 0, 0],
						"0.48": [60, 0, 0]
					}
				},
				"Head": {
					"rotation": {
						"0.0": [0, 0, 0],
						"0.48": [-2.5, 0, -1.5]
					}
				},
				"Nose": {
					"rotation": {
						"0.0": [0, 0, 0],
						"0.48": [-7.49294, 0.32621, 0.97864]
					},
					"position": {
						"0.0": [0, 0, 0],
						"0.48": [0, 0, 1]
					}
				},
				"Torso": {
					"rotation": [-2.5, 0, -1.5]
				}
			}
		},
		"animation.pumpkinwarden.walking": {
			"loop": true,
			"animation_length": 0.64,
			"bones": {
				"RightLeg": {
					"rotation": {
						"0.0": [-5, 0, 0],
						"0.32": [12.5, 0, 0],
						"0.64": [-5, 0, 0]
					}
				},
				"LeftLeg": {
					"rotation": {
						"0.0": [5, 0, 0],
						"0.32": [-10, 0, 0],
						"0.64": [5, 0, 0]
					}
				},
				"RightArm": {
					"rotation": {
						"0.0": [60, 0, 0],
						"0.32": [72.5, 0, 0],
						"0.64": [60, 0, 0]
					}
				},
				"LeftArm": {
					"rotation": {
						"0.0": [60, 0, 0],
						"0.32": [47.5, 0, 0],
						"0.64": [60, 0, 0]
					}
				},
				"Head": {
					"rotation": {
						"0.0": [-2.5, 0, -1.5],
						"0.32": [-2.5, 0, 1.5],
						"0.64": [-2.5, 0, -1.5]
					}
				},
				"Nose": {
					"rotation": {
						"0.0": [-7.49294, 0.32621, 0.97864],
						"0.32": [-7.43656, 0.9762, 5.93656],
						"0.64": [-7.49294, 0.32621, 0.97864]
					},
					"position": {
						"0.0": [0, 0, 1],
						"0.32": [0, 0, 1],
						"0.64": [0, 0, 1]
					}
				},
				"Torso": {
					"rotation": {
						"0.0": [-2.5, 0, -1.5],
						"0.28": [-2.5, 0, 1.5],
						"0.64": [-2.5, 0, -1.5]
					}
				}
			}
		},
		"animation.pumpkinwarden.wave": {
			"loop": true,
			"animation_length": 0.32,
			"bones": {
				"LeftArm": {
					"rotation": {
						"0.0": [-125, -32.5, 0],
						"0.08": [-130, -32.5, 0],
						"0.16": [-135, -32.5, 0],
						"0.24": [-130, -32.5, 0],
						"0.32": [-125, -32.5, 0]
					}
				},
				"RightArm": {
					"rotation": {
						"0.0": [125, -105, 0],
						"0.08": [130, -105, 0],
						"0.16": [135, -105, 0],
						"0.24": [130, -105, 0],
						"0.32": [125, -105, 0]
					}
				},
				"Head": {
					"rotation": {
						"0.0": [0, 0, 0],
						"0.08": [2.5, 0, -2.5],
						"0.16": [0, 0, 0],
						"0.24": [-2.5, 0, 2.5],
						"0.32": [0, 0, 0]
					}
				},
				"Nose": {
					"rotation": {
						"0.0": [0, 0, 0],
						"0.16": [0, 0, 0],
						"0.32": [0, 0, 0]
					},
					"position": {
						"0.0": [0, 0, 0],
						"0.16": [0, 0, 0],
						"0.32": [0, 0, 0]
					}
				}
			}
		},
		"animation.pumpkinwarden.hide": {
			"loop": true,
			"animation_length": 0.12,
			"bones": {
				"RightLeg": {
					"scale": 0
				},
				"LeftLeg": {
					"scale": 0
				},
				"LeftArm": {
					"scale": 0
				},
				"RightArm": {
					"scale": 0
				},
				"Head": {
					"rotation": [0, 0, 0],
					"position": [0, -19, 0]
				},
				"Nose": {
					"rotation": [0, 0, 0]
				},
				"Torso": {
					"scale": 0
				}
			}
		},
		"animation.pumpkinwarden.picking_up": {
			"animation_length": 0.88,
			"bones": {
				"LeftArm": {
					"rotation": {
						"0.0": [-2.5, 0, 0],
						"0.08": [-5, 0, 0],
						"0.16": [-7.5, 0, 0],
						"0.24": [-12.5, 0, 0],
						"0.32": [-20, 0, 0],
						"0.4": [-27.5, 0, 0],
						"0.48": [-35, 0, 0]
					}
				},
				"RightArm": {
					"rotation": {
						"0.0": [-2.5, 0, 0],
						"0.08": [-5, 0, 0],
						"0.16": [-7.5, 0, 0],
						"0.24": [-12.5, 0, 0],
						"0.32": [-20, 0, 0],
						"0.4": [-27.5, 0, 0],
						"0.48": [-35, 0, 0]
					}
				},
				"Head": {
					"rotation": {
						"0.0": [2.5, 0, 0],
						"0.08": [5, 0, 0],
						"0.16": [7.5, 0, 0],
						"0.24": [10, 0, 0],
						"0.32": [12.5, 0, 0],
						"0.6": [10, 0, 0],
						"0.68": [7.5, 0, 0],
						"0.76": [5, 0, 0],
						"0.84": [2.5, 0, 0]
					}
				},
				"Nose": {
					"rotation": {
						"0.0": [-2.5, 0, 0],
						"0.32": [0, 0, 0],
						"0.6": [0, 0, 0],
						"0.84": [-2.5, 0, 0]
					},
					"position": {
						"0.0": [0, 0, 1],
						"0.32": [0, 0, 0],
						"0.6": [0, 0, 0],
						"0.84": [0, 0, 1]
					}
				}
			}
		},
		"animation.pumpkinwarden.idle": {
			"loop": true,
			"animation_length": 1.75,
			"bones": {
				"RightLeg": {
					"rotation": [0, 0, 0]
				},
				"LeftLeg": {
					"rotation": [0, 0, 0]
				},
				"LeftArm": {
					"rotation": {
						"0.0": [0, 0, 0],
						"0.5": [0, 0, -5],
						"1.0": [0, 0, -7.5],
						"1.5417": [0, 0, 0]
					},
					"position": {
						"0.0": [0, 0, 0],
						"0.5": [1, 0, 0],
						"1.5417": [0, 0, 0]
					}
				},
				"RightArm": {
					"rotation": {
						"0.0": [0, 0, 0],
						"0.5": [0, 0, 5],
						"1.0": [0, 0, 7.5],
						"1.5417": [0, 0, 0]
					},
					"position": {
						"0.0": [0, 0, 0],
						"0.5": [-1, 0, 0],
						"1.5417": [0, 0, 0]
					}
				},
				"Head": {
					"rotation": {
						"0.0": [0, 0, 0],
						"0.8333": [-5, 0, 0],
						"1.5417": [0, 0, 0]
					},
					"position": [0, 0, 1],
					"scale": {
						"0.0": [1, 1, 1],
						"1.5417": [1, 1, 1]
					}
				},
				"Torso": {
					"rotation": {
						"0.0": [0, 0, 0],
						"1.5417": [0, 0, 0]
					},
					"scale": {
						"0.0": [1, 1, 1],
						"0.5": [1.1, 1, 1],
						"1.5417": [1, 1, 1]
					}
				},
				"Nose": {
					"rotation": {
						"0.0": [0, 0, 0],
						"1.0": [-5, 0, 0],
						"1.75": [0, 0, 0]
					},
					"position": {
						"0.0": [0, 0, 0],
						"1.0": [0, 0, 1],
						"1.75": [0, 0, 0]
					}
				}
			}
		},
		"animation.pumpkinwarden.holding_idle": {
			"loop": true,
			"animation_length": 1.75,
			"bones": {
				"LeftArm": {
					"rotation": {
						"0.0": [-35, 0, 0],
						"0.75": [-37.39455, -3.04137, -3.9705],
						"1.0": [-39.89247, -3.21154, -3.83424],
						"1.7083": [-35, 0, 0]
					},
					"position": {
						"0.0": [0, 0, 0],
						"0.75": [1, 0, 0],
						"1.7083": [0, 0, 0]
					}
				},
				"RightArm": {
					"rotation": {
						"0.0": [-35, 0, 0],
						"0.75": [-32.53729, -0.86717, 4.92442],
						"1.0": [-30.04608, -1.08089, 4.88206],
						"1.7083": [-35, 0, 0]
					},
					"position": {
						"0.0": [0, 0, 0],
						"0.75": [-1, 0, 0],
						"1.7083": [0, 0, 0]
					}
				},
				"Head": {
					"rotation": {
						"0.0": [0, 0, 0],
						"0.8333": [-5, 0, 0],
						"1.75": [0, 0, 0]
					},
					"position": [0, 0, 1],
					"scale": {
						"0.0": [1, 1, 1],
						"1.75": [1, 1, 1]
					}
				},
				"Nose": {
					"rotation": {
						"0.0": [0, 0, 0],
						"1.0": [-5, 0, 0],
						"1.75": [0, 0, 0]
					},
					"position": {
						"0.0": [0, 0, 0],
						"1.0": [0, 0, 1],
						"1.75": [0, 0, 0]
					}
				},
				"Torso": {
					"scale": {
						"0.0": [1, 1, 1],
						"0.75": [1.1, 1, 1],
						"1.7083": [1, 1, 1]
					}
				}
			}
		},
		"animation.pumpkinwarden.holding_walking": {
			"loop": true,
			"animation_length": 1.76,
			"bones": {
				"LeftArm": {
					"rotation": [-42.39743, 2.86544, 4.09918]
				},
				"RightArm": {
					"rotation": [-42.52822, 0.65182, -4.95744]
				},
				"Head": {
					"rotation": {
						"0.0": [0, 0, 0],
						"0.84": [-5, 0, 0],
						"1.76": [0, 0, 0]
					},
					"position": [0, 0, 1],
					"scale": {
						"0.0": [1, 1, 1],
						"1.76": [1, 1, 1]
					}
				},
				"Nose": {
					"rotation": {
						"0.0": [0, 0, 0],
						"1.0": [-5, 0, 0],
						"1.76": [0, 0, 0]
					},
					"position": {
						"0.0": [0, 0, 0],
						"1.0": [0, 0, 1],
						"1.76": [0, 0, 0]
					}
				},
				"RightLeg": {
					"rotation": {
						"0.04": [-5, 0, 0],
						"0.36": [12.5, 0, 0],
						"0.68": [-5, 0, 0],
						"0.92": [12.5, 0, 0],